name,type,url,location_or_channel,price_of_comparable_item,what_it_sells,positioning_line,rating,review_count,source_date
Ável Planejamento (Grupo Ável),direto,https://avel.me/planejamento,Porto Alegre + online (escritório da rede XP),"Essencial R$ 149,90/mês; Estratégico R$ 299,90/mês; planejamento inicial ~R$ 3.500 (levantamento do fundador, não verificado)",Planejamento financeiro personalizado com acompanhamento profissional,não coletado,não coletado,não coletado,2026-10-09
Grão Planejamento (Grupo Primo),direto,https://www.reclameaqui.com.br/o-primo-rico/insatisfacao-grupo-primo-grao-planejamento_EZN0t7fFtgjZQ-wF/,Online nacional,"Mensalidade não pública (valor ocultado em relato no Reclame Aqui)","Pacote com 2 reuniões com planejador + 2 meses de acesso ao Dashplan; acompanhamento de 1 ano vendido à parte (segundo resposta da empresa)",não coletado,não coletado,não coletado,2026-10-09
Planejadores independentes que usam o Dashplan,direto,https://exame.com/negocios/dashplan-conquista-2-mil-profissionais-em-1-ano-e-consolida-nova-carreira-no-mercado-financeiro/,Online nacional,varia,"Mesma plataforma que a empresa contratou; Exame fala em 2 mil+ profissionais em 1 ano",n/a,n/a,n/a,2026-10-09
Fernanda Prado,direto,https://fernandaprado.com.br/,não confirmado,não encontrado,"Planejadora independente que atende famílias desde 2010, sem conflito de interesses (segundo resultado de busca)",não coletado,não coletado,não coletado,2026-10-09
Santiago Finanças,direto,https://www.alexandresantiago.com.br/,Online,"Plano inicial R$ 997 + acompanhamento contínuo opcional",Planejamento com consultor e acompanhamento,não coletado,não coletado,não coletado,2026-10-09
Unolife,direto,https://unolife.com.br/consultor-financeiro-online/,Online,"R$ 79,99 por sessão de até 1h","Consultor financeiro online avulso, sem mensalidade",Consultor Financeiro Online a Valor Social,não coletado,não coletado,2026-10-09
Consultor CVM com fee fixo (ex.: Renova Invest),indireto,https://renovainvest.com.br/blog/vantagens-fee-fixo/,Online,"Exemplo de R$ 500/mês (carteira + planejamento + análise tributária)","Consultoria de investimentos regulada (Res. CVM 19/2021), sem comissão",não coletado,n/a,n/a,2026-10-09
Portfel,indireto,https://portfel.com.br/,Porto Alegre (escritório) + online,"% sobre ativos (fee-based), valor não coletado",Consultoria de investimentos independente,não coletado,não coletado,não coletado,2026-10-09
Propósito Partners,indireto,https://proposito.partners/,Porto Alegre (Jardim Europa),não encontrado,"Investimentos, family office e sucessão",não coletado,não coletado,não coletado,2026-10-09
Assessores de investimento (XP e bancos),indireto,https://www.infomoney.com.br/?p=3422347,Porto Alegre + nacional,"Sem mensalidade explícita (remuneração por produto/comissão)","Assessor como ""CFO da vida financeira"": objetivos, sucessão, aposentadoria",não coletado,n/a,n/a,2026-10-09
Warren,indireto,https://warren.com.br/,Online,"% sobre ativos, mínimo de R$ 7,50/mês (levantamento do fundador)",Gestão de investimentos com acompanhamento,não coletado,não coletado,não coletado,2026-10-09
Organizze,substituto,https://organizze.com.br/,App,"R$ 35 / 45 / 69 por mês (levantamento do fundador)",App de controle financeiro,não coletado,não coletado,não coletado,2026-10-09
Mobills,substituto,https://www.mobills.com.br/,App,"R$ 159,90/ano (blog Mobills, 2024; pode ter mudado)",App de controle de gastos,não coletado,não coletado,não coletado,2026-10-09
Meu Planner Financeiro,substituto,https://meuplannerfinanceiro.com.br/,App + WhatsApp,"R$ 19,90/mês (Essencial) e R$ 34,90/mês (Premium com IA no WhatsApp), em 12x",App de planejamento com assistente de IA,não coletado,não coletado,não coletado,2026-10-09
Finclass,substituto,https://finclass.com/,Online,"a partir de R$ 79,90/mês no anual (levantamento do fundador)",Educação financeira por assinatura,não coletado,não coletado,não coletado,2026-10-09
"Planilha, gerente do banco, fazer sozinho",substituto,n/a,—,R$ 0,O jeito que a maioria já resolve,n/a,n/a,n/a,2026-10-09
